"date","home.team","home.score","away.team","away.score"
"18/08/17","Leganes",16,"Alaves",6
"18/08/17","Valencia",22,"Las Palmas",5
"19/08/17","Celta",16,"Sociedad",13
"19/08/17","Girona",13,"Ath Madrid",9
"19/08/17","Sevilla",9,"Espanol",9
"20/08/17","Ath Bilbao",12,"Getafe",8
"20/08/17","Barcelona",15,"Betis",3
"20/08/17","La Coruna",12,"Real Madrid",16
"21/08/17","Levante",14,"Villarreal",9
"21/08/17","Malaga",10,"Eibar",13
"25/08/17","Betis",10,"Celta",9
"25/08/17","Sociedad",15,"Villarreal",6
"26/08/17","Alaves",11,"Barcelona",23
"26/08/17","Girona",15,"Malaga",7
"26/08/17","Las Palmas",10,"Ath Madrid",8
"26/08/17","Levante",24,"La Coruna",11
"27/08/17","Eibar",14,"Ath Bilbao",10
"27/08/17","Espanol",17,"Leganes",12
"27/08/17","Getafe",15,"Sevilla",6
"27/08/17","Real Madrid",22,"Valencia",7
"08/09/17","Leganes",11,"Getafe",11
"09/09/17","Barcelona",20,"Espanol",9
"09/09/17","Real Madrid",18,"Levante",5
"09/09/17","Sevilla",12,"Eibar",7
"09/09/17","Valencia",11,"Ath Madrid",13
"10/09/17","Ath Bilbao",7,"Girona",11
"10/09/17","Celta",20,"Alaves",5
"10/09/17","La Coruna",11,"Sociedad",15
"10/09/17","Villarreal",14,"Betis",8
"11/09/17","Malaga",14,"Las Palmas",10
"15/09/17","Eibar",10,"Leganes",5
"16/09/17","Ath Madrid",17,"Malaga",9
"16/09/17","Betis",17,"La Coruna",11
"16/09/17","Getafe",13,"Barcelona",7
"16/09/17","Levante",9,"Valencia",13
"17/09/17","Alaves",16,"Villarreal",16
"17/09/17","Girona",13,"Sevilla",13
"17/09/17","Las Palmas",12,"Ath Bilbao",11
"17/09/17","Sociedad",10,"Real Madrid",18
"18/09/17","Espanol",9,"Celta",11
"19/09/17","Barcelona",11,"Eibar",13
"19/09/17","Valencia",16,"Malaga",11
"20/09/17","Ath Bilbao",12,"Ath Madrid",16
"20/09/17","La Coruna",15,"Alaves",8
"20/09/17","Leganes",12,"Girona",10
"20/09/17","Real Madrid",27,"Betis",12
"20/09/17","Sevilla",14,"Las Palmas",6
"21/09/17","Celta",8,"Getafe",10
"21/09/17","Levante",13,"Sociedad",13
"21/09/17","Villarreal",14,"Espanol",10
"23/09/17","Alaves",8,"Real Madrid",21
"23/09/17","Ath Madrid",13,"Sevilla",11
"23/09/17","Girona",13,"Barcelona",9
"23/09/17","Malaga",15,"Ath Bilbao",8
"24/09/17","Eibar",9,"Celta",10
"24/09/17","Espanol",17,"La Coruna",21
"24/09/17","Getafe",17,"Villarreal",6
"24/09/17","Las Palmas",8,"Leganes",9
"24/09/17","Sociedad",18,"Valencia",13
"25/09/17","Betis",14,"Levante",8
"29/09/17","Celta",16,"Girona",10
"30/09/17","La Coruna",15,"Getafe",10
"30/09/17","Leganes",7,"Ath Madrid",11
"30/09/17","Levante",13,"Alaves",8
"30/09/17","Sevilla",12,"Malaga",11
"01/10/17","Barcelona",22,"Las Palmas",10
"01/10/17","Real Madrid",22,"Espanol",8
"01/10/17","Sociedad",17,"Betis",10
"01/10/17","Valencia",10,"Ath Bilbao",16
"01/10/17","Villarreal",12,"Eibar",8
"13/10/17","Espanol",20,"Levante",13
"14/10/17","Alaves",8,"Sociedad",13
"14/10/17","Ath Bilbao",15,"Sevilla",14
"14/10/17","Ath Madrid",5,"Barcelona",15
"14/10/17","Getafe",8,"Real Madrid",16
"15/10/17","Betis",13,"Valencia",13
"15/10/17","Eibar",15,"La Coruna",11
"15/10/17","Girona",14,"Villarreal",5
"15/10/17","Malaga",13,"Leganes",19
"16/10/17","Las Palmas",24,"Celta",14
"21/10/17","Barcelona",12,"Malaga",13
"21/10/17","Betis",12,"Alaves",7
"21/10/17","Levante",5,"Getafe",9
"21/10/17","Valencia",18,"Sevilla",18
"22/10/17","Celta",19,"Ath Madrid",4
"22/10/17","Leganes",15,"Ath Bilbao",7
"22/10/17","Real Madrid",15,"Eibar",9
"22/10/17","Villarreal",25,"Las Palmas",16
"23/10/17","La Coruna",15,"Girona",13
"23/10/17","Sociedad",19,"Espanol",4
"28/10/17","Alaves",16,"Valencia",7
"28/10/17","Ath Bilbao",17,"Barcelona",17
"28/10/17","Ath Madrid",18,"Villarreal",12
"28/10/17","Sevilla",9,"Leganes",10
"29/10/17","Eibar",16,"Levante",3
"29/10/17","Getafe",10,"Sociedad",15
"29/10/17","Girona",15,"Real Madrid",15
"29/10/17","Malaga",15,"Celta",10
"30/10/17","Espanol",10,"Betis",9
"30/10/17","Las Palmas",13,"La Coruna",15
"03/11/17","Betis",15,"Getafe",9
"04/11/17","Alaves",17,"Espanol",9
"04/11/17","Barcelona",18,"Sevilla",8
"04/11/17","La Coruna",14,"Ath Madrid",11
"04/11/17","Valencia",13,"Leganes",13
"05/11/17","Celta",11,"Ath Bilbao",14
"05/11/17","Levante",7,"Girona",10
"05/11/17","Real Madrid",27,"Las Palmas",2
"05/11/17","Sociedad",10,"Eibar",9
"05/11/17","Villarreal",14,"Malaga",10
"17/11/17","Girona",14,"Sociedad",14
"18/11/17","Ath Madrid",7,"Real Madrid",14
"18/11/17","Getafe",13,"Alaves",11
"18/11/17","Leganes",18,"Barcelona",11
"18/11/17","Sevilla",12,"Celta",11
"19/11/17","Ath Bilbao",15,"Villarreal",7
"19/11/17","Espanol",12,"Valencia",7
"19/11/17","Las Palmas",10,"Levante",11
"19/11/17","Malaga",14,"La Coruna",12
"20/11/17","Eibar",17,"Betis",4
"24/11/17","Celta",14,"Leganes",9
"25/11/17","Alaves",6,"Eibar",11
"25/11/17","Betis",12,"Girona",13
"25/11/17","Levante",17,"Ath Madrid",16
"25/11/17","Real Madrid",16,"Malaga",9
"26/11/17","La Coruna",14,"Ath Bilbao",10
"26/11/17","Sociedad",16,"Las Palmas",8
"26/11/17","Valencia",8,"Barcelona",12
"26/11/17","Villarreal",19,"Sevilla",15
"27/11/17","Espanol",10,"Getafe",7
"01/12/17","Malaga",18,"Levante",3
"02/12/17","Ath Bilbao",11,"Real Madrid",19
"02/12/17","Ath Madrid",16,"Sociedad",10
"02/12/17","Barcelona",21,"Celta",10
"02/12/17","Sevilla",10,"La Coruna",11
"03/12/17","Eibar",10,"Espanol",6
"03/12/17","Getafe",11,"Valencia",13
"03/12/17","Las Palmas",21,"Betis",8
"03/12/17","Leganes",12,"Villarreal",12
"04/12/17","Girona",11,"Alaves",9
"08/12/17","Alaves",22,"Las Palmas",6
"09/12/17","Getafe",6,"Eibar",7
"09/12/17","La Coruna",15,"Leganes",3
"09/12/17","Real Madrid",20,"Sevilla",11
"09/12/17","Valencia",13,"Celta",13
"10/12/17","Betis",9,"Ath Madrid",4
"10/12/17","Levante",12,"Ath Bilbao",14
"10/12/17","Sociedad",18,"Malaga",9
"10/12/17","Villarreal",9,"Barcelona",16
"11/12/17","Espanol",8,"Girona",12
"15/12/17","Sevilla",16,"Levante",10
"16/12/17","Ath Bilbao",7,"Sociedad",10
"16/12/17","Ath Madrid",10,"Alaves",11
"16/12/17","Eibar",15,"Valencia",7
"17/12/17","Barcelona",23,"La Coruna",10
"17/12/17","Celta",10,"Villarreal",8
"17/12/17","Girona",9,"Getafe",7
"17/12/17","Las Palmas",14,"Espanol",8
"18/12/17","Malaga",18,"Betis",10
"19/12/17","Levante",10,"Leganes",10
"20/12/17","Getafe",13,"Las Palmas",17
"20/12/17","Sociedad",14,"Sevilla",9
"21/12/17","Alaves",10,"Malaga",10
"21/12/17","Eibar",16,"Girona",6
"22/12/17","Betis",16,"Ath Bilbao",19
"22/12/17","Espanol",7,"Ath Madrid",9
"23/12/17","La Coruna",15,"Celta",7
"23/12/17","Real Madrid",14,"Barcelona",18
"23/12/17","Valencia",22,"Villarreal",9
"06/01/18","Ath Madrid",9,"Getafe",10
"06/01/18","Las Palmas",4,"Eibar",14
"06/01/18","Sevilla",14,"Betis",9
"06/01/18","Valencia",17,"Girona",11
"07/01/18","Ath Bilbao",14,"Alaves",8
"07/01/18","Barcelona",16,"Levante",9
"07/01/18","Celta",10,"Real Madrid",19
"07/01/18","Leganes",8,"Sociedad",9
"07/01/18","Villarreal",11,"La Coruna",13
"08/01/18","Malaga",17,"Espanol",6
"12/01/18","Getafe",7,"Malaga",9
"13/01/18","Eibar",11,"Ath Madrid",7
"13/01/18","Girona",15,"Las Palmas",3
"13/01/18","La Coruna",12,"Valencia",12
"13/01/18","Real Madrid",28,"Villarreal",10
"14/01/18","Alaves",12,"Sevilla",14
"14/01/18","Espanol",11,"Ath Bilbao",8
"14/01/18","Levante",15,"Celta",3
"14/01/18","Sociedad",15,"Barcelona",11
"15/01/18","Betis",16,"Leganes",10
"19/01/18","Getafe",17,"Ath Bilbao",7
"20/01/18","Ath Madrid",9,"Girona",6
"20/01/18","Espanol",9,"Sevilla",12
"20/01/18","Las Palmas",20,"Valencia",14
"20/01/18","Villarreal",18,"Levante",16
"21/01/18","Alaves",14,"Leganes",8
"21/01/18","Betis",7,"Barcelona",14
"21/01/18","Real Madrid",24,"La Coruna",5
"21/01/18","Sociedad",16,"Celta",10
"22/01/18","Eibar",15,"Malaga",10
"26/01/18","Ath Bilbao",7,"Eibar",14
"27/01/18","La Coruna",8,"Levante",15
"27/01/18","Malaga",7,"Girona",11
"27/01/18","Valencia",11,"Real Madrid",13
"27/01/18","Villarreal",11,"Sociedad",24
"28/01/18","Ath Madrid",18,"Las Palmas",9
"28/01/18","Barcelona",18,"Alaves",7
"28/01/18","Leganes",11,"Espanol",12
"28/01/18","Sevilla",15,"Getafe",7
"29/01/18","Celta",13,"Betis",7
"02/02/18","Sociedad",19,"La Coruna",4
"03/02/18","Alaves",9,"Celta",16
"03/02/18","Betis",13,"Villarreal",12
"03/02/18","Eibar",17,"Sevilla",11
"03/02/18","Levante",12,"Real Madrid",23
"04/02/18","Ath Madrid",14,"Valencia",9
"04/02/18","Espanol",7,"Barcelona",12
"04/02/18","Getafe",11,"Leganes",2
"04/02/18","Girona",8,"Ath Bilbao",9
"05/02/18","Las Palmas",11,"Malaga",9
"09/02/18","Ath Bilbao",11,"Las Palmas",8
"10/02/18","Leganes",2,"Eibar",19
"10/02/18","Malaga",13,"Ath Madrid",5
"10/02/18","Real Madrid",18,"Sociedad",8
"10/02/18","Villarreal",27,"Alaves",5
"11/02/18","Barcelona",12,"Getafe",10
"11/02/18","Celta",18,"Espanol",3
"11/02/18","Sevilla",13,"Girona",14
"11/02/18","Valencia",18,"Levante",5
"12/02/18","La Coruna",16,"Betis",10
"16/02/18","Girona",10,"Leganes",10
"17/02/18","Alaves",14,"La Coruna",5
"17/02/18","Eibar",13,"Barcelona",10
"17/02/18","Las Palmas",11,"Sevilla",12
"17/02/18","Malaga",9,"Valencia",10
"18/02/18","Ath Madrid",14,"Ath Bilbao",4
"18/02/18","Betis",20,"Real Madrid",12
"18/02/18","Espanol",15,"Villarreal",8
"18/02/18","Sociedad",13,"Levante",9
"19/02/18","Getafe",9,"Celta",4
"21/02/18","Leganes",7,"Real Madrid",13
"23/02/18","La Coruna",17,"Espanol",9
"24/02/18","Barcelona",21,"Girona",10
"24/02/18","Celta",8,"Eibar",15
"24/02/18","Leganes",11,"Las Palmas",4
"24/02/18","Real Madrid",25,"Alaves",11
"25/02/18","Ath Bilbao",8,"Malaga",8
"25/02/18","Sevilla",10,"Ath Madrid",13
"25/02/18","Valencia",7,"Sociedad",9
"25/02/18","Villarreal",10,"Getafe",3
"26/02/18","Levante",12,"Betis",15
"27/02/18","Espanol",16,"Real Madrid",12
"27/02/18","Girona",11,"Celta",10
"28/02/18","Ath Bilbao",11,"Valencia",6
"28/02/18","Ath Madrid",15,"Leganes",9
"28/02/18","Eibar",13,"Villarreal",11
"28/02/18","Getafe",14,"La Coruna",9
"28/02/18","Malaga",8,"Sevilla",6
"01/03/18","Alaves",15,"Levante",6
"01/03/18","Betis",8,"Sociedad",13
"01/03/18","Las Palmas",12,"Barcelona",10
"03/03/18","La Coruna",7,"Eibar",16
"03/03/18","Leganes",10,"Malaga",4
"03/03/18","Real Madrid",14,"Getafe",4
"03/03/18","Sevilla",18,"Ath Bilbao",10
"03/03/18","Villarreal",14,"Girona",4
"04/03/18","Barcelona",16,"Ath Madrid",6
"04/03/18","Levante",13,"Espanol",15
"04/03/18","Sociedad",14,"Alaves",3
"04/03/18","Valencia",12,"Betis",9
"05/03/18","Celta",14,"Las Palmas",10
"09/03/18","Girona",9,"La Coruna",8
"10/03/18","Eibar",12,"Real Madrid",12
"10/03/18","Getafe",11,"Levante",12
"10/03/18","Malaga",6,"Barcelona",20
"10/03/18","Sevilla",21,"Valencia",10
"11/03/18","Ath Bilbao",13,"Leganes",12
"11/03/18","Ath Madrid",7,"Celta",8
"11/03/18","Espanol",18,"Sociedad",11
"11/03/18","Las Palmas",9,"Villarreal",11
"12/03/18","Alaves",9,"Betis",10
"16/03/18","Levante",6,"Eibar",13
"17/03/18","Betis",9,"Espanol",4
"17/03/18","La Coruna",13,"Las Palmas",8
"17/03/18","Sociedad",8,"Getafe",9
"17/03/18","Valencia",24,"Alaves",16
"18/03/18","Barcelona",18,"Ath Bilbao",10
"18/03/18","Celta",9,"Malaga",5
"18/03/18","Leganes",12,"Sevilla",10
"18/03/18","Real Madrid",20,"Girona",10
"18/03/18","Villarreal",17,"Ath Madrid",8
"31/03/18","Ath Bilbao",11,"Celta",13
"31/03/18","Girona",12,"Levante",15
"31/03/18","Las Palmas",17,"Real Madrid",17
"31/03/18","Sevilla",21,"Barcelona",20
"01/04/18","Ath Madrid",15,"La Coruna",10
"01/04/18","Eibar",15,"Sociedad",7
"01/04/18","Espanol",12,"Alaves",13
"01/04/18","Leganes",8,"Valencia",3
"01/04/18","Malaga",13,"Villarreal",11
"02/04/18","Getafe",8,"Betis",7
"06/04/18","La Coruna",14,"Malaga",11
"07/04/18","Alaves",11,"Getafe",5
"07/04/18","Barcelona",12,"Leganes",11
"07/04/18","Betis",13,"Eibar",5
"07/04/18","Celta",12,"Sevilla",16
"08/04/18","Levante",11,"Las Palmas",17
"08/04/18","Real Madrid",30,"Ath Madrid",9
"08/04/18","Sociedad",13,"Girona",8
"08/04/18","Valencia",14,"Espanol",21
"09/04/18","Villarreal",7,"Ath Bilbao",17
"13/04/18","Girona",9,"Betis",10
"14/04/18","Ath Bilbao",13,"La Coruna",5
"14/04/18","Barcelona",12,"Valencia",17
"14/04/18","Las Palmas",7,"Sociedad",20
"14/04/18","Leganes",19,"Celta",5
"14/04/18","Sevilla",18,"Villarreal",7
"15/04/18","Ath Madrid",13,"Levante",11
"15/04/18","Eibar",21,"Alaves",2
"15/04/18","Getafe",13,"Espanol",5
"15/04/18","Malaga",13,"Real Madrid",16
"17/04/18","Celta",18,"Barcelona",14
"17/04/18","La Coruna",22,"Sevilla",24
"17/04/18","Villarreal",17,"Leganes",6
"18/04/18","Espanol",10,"Eibar",5
"18/04/18","Real Madrid",29,"Ath Bilbao",6
"18/04/18","Valencia",10,"Getafe",8
"19/04/18","Alaves",11,"Girona",14
"19/04/18","Betis",17,"Las Palmas",1
"19/04/18","Levante",11,"Malaga",10
"19/04/18","Sociedad",12,"Ath Madrid",9
"20/04/18","Leganes",13,"La Coruna",12
"21/04/18","Celta",10,"Valencia",17
"21/04/18","Eibar",12,"Getafe",7
"22/04/18","Ath Madrid",10,"Betis",10
"22/04/18","Girona",20,"Espanol",5
"22/04/18","Las Palmas",12,"Alaves",10
"22/04/18","Malaga",4,"Sociedad",14
"23/04/18","Ath Bilbao",18,"Levante",11
"27/04/18","Levante",15,"Sevilla",22
"28/04/18","Espanol",16,"Las Palmas",13
"28/04/18","Real Madrid",12,"Leganes",16
"28/04/18","Sociedad",17,"Ath Bilbao",9
"28/04/18","Villarreal",13,"Celta",15
"29/04/18","Alaves",7,"Ath Madrid",14
"29/04/18","Getafe",10,"Girona",15
"29/04/18","La Coruna",17,"Barcelona",21
"29/04/18","Valencia",16,"Eibar",8
"30/04/18","Betis",12,"Malaga",9
"04/05/18","Sevilla",16,"Sociedad",11
"05/05/18","Ath Bilbao",14,"Betis",6
"05/05/18","Celta",13,"La Coruna",11
"05/05/18","Girona",16,"Eibar",15
"05/05/18","Villarreal",13,"Valencia",6
"06/05/18","Ath Madrid",9,"Espanol",14
"06/05/18","Barcelona",11,"Real Madrid",17
"06/05/18","Las Palmas",21,"Getafe",8
"06/05/18","Malaga",16,"Alaves",13
"07/05/18","Leganes",13,"Levante",10
"09/05/18","Barcelona",12,"Villarreal",20
"09/05/18","Sevilla",14,"Real Madrid",14
"12/05/18","Alaves",4,"Ath Bilbao",13
"12/05/18","Betis",9,"Sevilla",13
"12/05/18","Eibar",10,"Las Palmas",8
"12/05/18","Getafe",11,"Ath Madrid",5
"12/05/18","Girona",16,"Valencia",10
"12/05/18","La Coruna",16,"Villarreal",11
"12/05/18","Real Madrid",15,"Celta",5
"12/05/18","Sociedad",11,"Leganes",9
"13/05/18","Espanol",19,"Malaga",9
"13/05/18","Levante",12,"Barcelona",18
"19/05/18","Celta",20,"Levante",7
"19/05/18","Las Palmas",13,"Girona",12
"19/05/18","Leganes",8,"Betis",16
"19/05/18","Malaga",6,"Getafe",11
"19/05/18","Sevilla",20,"Alaves",10
"19/05/18","Villarreal",14,"Real Madrid",15
"20/05/18","Ath Bilbao",12,"Espanol",11
"20/05/18","Ath Madrid",8,"Eibar",14
"20/05/18","Barcelona",12,"Sociedad",13
"20/05/18","Valencia",22,"La Coruna",12
"17/08/2018","Betis",22,"Levante",6
"17/08/2018","Girona",13,"Valladolid",2
"18/08/2018","Barcelona",25,"Alaves",3
"18/08/2018","Celta",12,"Espanol",14
"18/08/2018","Villarreal",16,"Sociedad",8
"19/08/2018","Eibar",18,"Huesca",8
"19/08/2018","Real Madrid",10,"Getafe",4
"19/08/2018","Vallecano",13,"Sevilla",17
"20/08/2018","Ath Bilbao",17,"Leganes",12
"20/08/2018","Valencia",13,"Ath Madrid",9
"24/08/2018","Getafe",7,"Eibar",9
"24/08/2018","Leganes",18,"Sociedad",7
"25/08/2018","Alaves",16,"Betis",13
"25/08/2018","Ath Madrid",9,"Vallecano",13
"25/08/2018","Valladolid",7,"Barcelona",10
"26/08/2018","Espanol",19,"Valencia",16
"26/08/2018","Girona",10,"Real Madrid",20
"26/08/2018","Sevilla",19,"Villarreal",14
"27/08/2018","Ath Bilbao",14,"Huesca",9
"27/08/2018","Levante",15,"Celta",21
"31/08/2018","Eibar",8,"Sociedad",7
"31/08/2018","Getafe",12,"Valladolid",7
"31/08/2018","Villarreal",13,"Girona",14
"01/09/2018","Celta",10,"Ath Madrid",9
"01/09/2018","Real Madrid",17,"Leganes",8
"02/09/2018","Alaves",8,"Espanol",11
"02/09/2018","Barcelona",31,"Huesca",7
"02/09/2018","Betis",11,"Sevilla",8
"02/09/2018","Levante",13,"Valencia",18
"14/09/2018","Huesca",14,"Vallecano",14
"15/09/2018","Ath Bilbao",11,"Real Madrid",16
"15/09/2018","Ath Madrid",18,"Eibar",12
"15/09/2018","Sociedad",8,"Barcelona",12
"15/09/2018","Valencia",12,"Betis",11
"16/09/2018","Espanol",22,"Levante",16
"16/09/2018","Leganes",16,"Villarreal",9
"16/09/2018","Sevilla",15,"Getafe",10
"16/09/2018","Valladolid",15,"Alaves",10
"17/09/2018","Girona",11,"Celta",20
"21/09/2018","Huesca",13,"Sociedad",7
"22/09/2018","Celta",12,"Valladolid",14
"22/09/2018","Eibar",14,"Leganes",4
"22/09/2018","Getafe",11,"Ath Madrid",7
"22/09/2018","Real Madrid",19,"Espanol",10
"22/09/2018","Vallecano",13,"Alaves",11
"23/09/2018","Barcelona",22,"Girona",7
"23/09/2018","Betis",15,"Ath Bilbao",7
"23/09/2018","Levante",19,"Sevilla",20
"23/09/2018","Villarreal",11,"Valencia",12
"25/09/2018","Ath Madrid",17,"Huesca",8
"25/09/2018","Espanol",9,"Eibar",8
"25/09/2018","Sociedad",16,"Vallecano",11
"26/09/2018","Ath Bilbao",12,"Villarreal",19
"26/09/2018","Leganes",10,"Barcelona",9
"26/09/2018","Sevilla",16,"Real Madrid",21
"26/09/2018","Valencia",14,"Celta",9
"27/09/2018","Alaves",15,"Getafe",13
"27/09/2018","Girona",8,"Betis",14
"27/09/2018","Valladolid",20,"Levante",9
"28/09/2018","Vallecano",11,"Espanol",12
"29/09/2018","Barcelona",20,"Ath Bilbao",8
"29/09/2018","Eibar",15,"Sevilla",7
"29/09/2018","Real Madrid",15,"Ath Madrid",8
"29/09/2018","Sociedad",10,"Valencia",9
"30/09/2018","Betis",17,"Leganes",11
"30/09/2018","Huesca",13,"Girona",14
"30/09/2018","Levante",14,"Alaves",14
"30/09/2018","Villarreal",27,"Valladolid",9
"01/10/2018","Celta",8,"Getafe",12
"05/10/2018","Ath Bilbao",13,"Sociedad",6
"06/10/2018","Alaves",8,"Real Madrid",13
"06/10/2018","Getafe",15,"Levante",12
"06/10/2018","Girona",10,"Eibar",12
"06/10/2018","Leganes",13,"Vallecano",6
"07/10/2018","Ath Madrid",13,"Betis",5
"07/10/2018","Espanol",28,"Villarreal",13
"07/10/2018","Sevilla",12,"Celta",13
"07/10/2018","Valencia",10,"Barcelona",10
"07/10/2018","Valladolid",9,"Huesca",11
"19/10/2018","Celta",19,"Alaves",9
"20/10/2018","Barcelona",23,"Sevilla",19
"20/10/2018","Real Madrid",34,"Levante",6
"20/10/2018","Valencia",18,"Leganes",7
"20/10/2018","Villarreal",18,"Ath Madrid",15
"21/10/2018","Betis",20,"Valladolid",6
"21/10/2018","Eibar",18,"Ath Bilbao",6
"21/10/2018","Huesca",10,"Espanol",6
"21/10/2018","Vallecano",10,"Getafe",5
"22/10/2018","Sociedad",14,"Girona",12
"24/10/2018","Vallecano",11,"Ath Bilbao",12
"26/10/2018","Valladolid",15,"Espanol",11
"27/10/2018","Ath Bilbao",13,"Valencia",11
"27/10/2018","Ath Madrid",14,"Sociedad",7
"27/10/2018","Celta",10,"Eibar",17
"27/10/2018","Girona",14,"Vallecano",14
"27/10/2018","Levante",9,"Leganes",21
"28/10/2018","Alaves",19,"Villarreal",9
"28/10/2018","Barcelona",13,"Real Madrid",15
"28/10/2018","Getafe",16,"Betis",7
"28/10/2018","Sevilla",15,"Huesca",11
"03/11/2018","Leganes",8,"Ath Madrid",9
"03/11/2018","Real Madrid",16,"Valladolid",12
"03/11/2018","Valencia",27,"Girona",5
"03/11/2018","Vallecano",11,"Barcelona",9
"04/11/2018","Betis",14,"Celta",14
"04/11/2018","Eibar",23,"Alaves",9
"04/11/2018","Huesca",18,"Getafe",8
"04/11/2018","Sociedad",10,"Sevilla",8
"04/11/2018","Villarreal",23,"Levante",13
"05/11/2018","Espanol",8,"Ath Bilbao",10
"09/11/2018","Levante",17,"Sociedad",15
"10/11/2018","Ath Madrid",9,"Ath Bilbao",6
"10/11/2018","Getafe",17,"Valencia",7
"10/11/2018","Girona",5,"Leganes",10
"10/11/2018","Valladolid",9,"Eibar",16
"11/11/2018","Alaves",13,"Huesca",9
"11/11/2018","Barcelona",20,"Betis",15
"11/11/2018","Celta",15,"Real Madrid",14
"11/11/2018","Sevilla",23,"Espanol",15
"11/11/2018","Vallecano",15,"Villarreal",11
"23/11/2018","Leganes",13,"Alaves",7
"24/11/2018","Ath Madrid",3,"Barcelona",8
"24/11/2018","Eibar",14,"Real Madrid",9
"24/11/2018","Huesca",32,"Levante",5
"24/11/2018","Valencia",13,"Vallecano",13
"25/11/2018","Ath Bilbao",8,"Getafe",15
"25/11/2018","Espanol",18,"Girona",16
"25/11/2018","Sevilla",17,"Valladolid",13
"25/11/2018","Villarreal",13,"Betis",13
"26/11/2018","Sociedad",15,"Celta",6
"30/11/2018","Vallecano",5,"Eibar",13
"01/12/2018","Celta",12,"Huesca",8
"01/12/2018","Getafe",14,"Espanol",8
"01/12/2018","Real Madrid",13,"Valencia",7
"01/12/2018","Valladolid",20,"Leganes",14
"02/12/2018","Alaves",11,"Sevilla",14
"02/12/2018","Barcelona",16,"Villarreal",12
"02/12/2018","Betis",6,"Sociedad",6
"02/12/2018","Girona",13,"Ath Madrid",17
"03/12/2018","Levante",17,"Ath Bilbao",12
"07/12/2018","Leganes",17,"Getafe",6
"08/12/2018","Ath Madrid",12,"Alaves",13
"08/12/2018","Espanol",15,"Barcelona",17
"08/12/2018","Valencia",16,"Sevilla",11
"08/12/2018","Villarreal",13,"Celta",14
"09/12/2018","Betis",8,"Vallecano",12
"09/12/2018","Eibar",32,"Levante",14
"09/12/2018","Huesca",11,"Real Madrid",5
"09/12/2018","Sociedad",23,"Valladolid",10
"10/12/2018","Ath Bilbao",25,"Girona",3
"14/12/2018","Celta",15,"Leganes",5
"15/12/2018","Eibar",18,"Valencia",11
"15/12/2018","Getafe",9,"Sociedad",9
"15/12/2018","Real Madrid",9,"Vallecano",11
"15/12/2018","Valladolid",8,"Ath Madrid",14
"16/12/2018","Espanol",10,"Betis",12
"16/12/2018","Huesca",30,"Villarreal",10
"16/12/2018","Levante",20,"Barcelona",16
"16/12/2018","Sevilla",17,"Girona",8
"17/12/2018","Alaves",11,"Ath Bilbao",6
"21/12/2018","Girona",12,"Getafe",5
"21/12/2018","Sociedad",18,"Alaves",9
"22/12/2018","Ath Bilbao",8,"Valladolid",5
"22/12/2018","Ath Madrid",8,"Espanol",18
"22/12/2018","Barcelona",9,"Celta",11
"22/12/2018","Betis",4,"Eibar",15
"23/12/2018","Leganes",13,"Sevilla",8
"23/12/2018","Valencia",19,"Huesca",11
"23/12/2018","Vallecano",18,"Levante",12
"03/01/2019","Villarreal",12,"Real Madrid",14
"04/01/2019","Espanol",12,"Leganes",10
"04/01/2019","Levante",19,"Girona",9
"05/01/2019","Alaves",14,"Valencia",14
"05/01/2019","Huesca",11,"Betis",7
"05/01/2019","Valladolid",12,"Vallecano",9
"06/01/2019","Eibar",24,"Villarreal",7
"06/01/2019","Getafe",10,"Barcelona",12
"06/01/2019","Real Madrid",28,"Sociedad",12
"06/01/2019","Sevilla",15,"Ath Madrid",12
"07/01/2019","Celta",17,"Ath Bilbao",8
"11/01/2019","Vallecano",11,"Celta",13
"12/01/2019","Girona",9,"Alaves",15
"12/01/2019","Leganes",14,"Huesca",9
"12/01/2019","Valencia",17,"Valladolid",6
"12/01/2019","Villarreal",17,"Getafe",9
"13/01/2019","Ath Bilbao",10,"Sevilla",10
"13/01/2019","Ath Madrid",19,"Levante",7
"13/01/2019","Barcelona",7,"Eibar",15
"13/01/2019","Betis",9,"Real Madrid",14
"14/01/2019","Sociedad",9,"Espanol",21
"18/01/2019","Getafe",12,"Alaves",6
"19/01/2019","Celta",12,"Valencia",13
"19/01/2019","Huesca",14,"Ath Madrid",15
"19/01/2019","Real Madrid",23,"Sevilla",4
"20/01/2019","Barcelona",15,"Leganes",5
"20/01/2019","Betis",12,"Girona",8
"20/01/2019","Levante",13,"Valladolid",13
"20/01/2019","Vallecano",11,"Sociedad",10
"20/01/2019","Villarreal",3,"Ath Bilbao",9
"21/01/2019","Eibar",16,"Espanol",6
"26/01/2019","Ath Madrid",10,"Getafe",6
"26/01/2019","Leganes",9,"Eibar",5
"26/01/2019","Sevilla",23,"Levante",7
"26/01/2019","Valencia",18,"Villarreal",14
"27/01/2019","Ath Bilbao",11,"Betis",8
"27/01/2019","Espanol",13,"Real Madrid",16
"27/01/2019","Girona",13,"Barcelona",15
"27/01/2019","Sociedad",8,"Huesca",8
"27/01/2019","Valladolid",19,"Celta",8
"28/01/2019","Alaves",16,"Vallecano",14
"01/02/2019","Huesca",11,"Valladolid",9
"02/02/2019","Barcelona",20,"Valencia",14
"02/02/2019","Celta",10,"Sevilla",13
"02/02/2019","Levante",8,"Getafe",9
"02/02/2019","Sociedad",6,"Ath Bilbao",8
"03/02/2019","Betis",7,"Ath Madrid",13
"03/02/2019","Eibar",17,"Girona",6
"03/02/2019","Real Madrid",22,"Alaves",8
"03/02/2019","Villarreal",14,"Espanol",17
"04/02/2019","Vallecano",15,"Leganes",13
"08/02/2019","Valladolid",9,"Villarreal",7
"09/02/2019","Ath Madrid",11,"Real Madrid",11
"09/02/2019","Espanol",15,"Vallecano",9
"09/02/2019","Getafe",12,"Celta",13
"09/02/2019","Girona",13,"Huesca",6
"10/02/2019","Ath Bilbao",13,"Barcelona",10
"10/02/2019","Leganes",16,"Betis",3
"10/02/2019","Sevilla",13,"Eibar",8
"10/02/2019","Valencia",10,"Sociedad",8
"11/02/2019","Alaves",16,"Levante",8
"15/02/2019","Eibar",11,"Getafe",7
"16/02/2019","Barcelona",20,"Valladolid",10
"16/02/2019","Celta",14,"Levante",14
"16/02/2019","Sociedad",15,"Leganes",8
"16/02/2019","Vallecano",12,"Ath Madrid",4
"17/02/2019","Betis",19,"Alaves",6
"17/02/2019","Real Madrid",19,"Girona",14
"17/02/2019","Valencia",21,"Espanol",6
"17/02/2019","Villarreal",12,"Sevilla",21
"18/02/2019","Huesca",12,"Ath Bilbao",9
"22/02/2019","Espanol",13,"Huesca",13
"23/02/2019","Alaves",17,"Celta",8
"23/02/2019","Ath Bilbao",9,"Eibar",7
"23/02/2019","Getafe",11,"Vallecano",7
"23/02/2019","Sevilla",13,"Barcelona",17
"24/02/2019","Ath Madrid",15,"Villarreal",14
"24/02/2019","Leganes",17,"Valencia",6
"24/02/2019","Levante",11,"Real Madrid",19
"24/02/2019","Valladolid",10,"Betis",6
"25/02/2019","Girona",10,"Sociedad",7
"01/03/2019","Vallecano",9,"Girona",12
"02/03/2019","Espanol",15,"Valladolid",14
"02/03/2019","Huesca",7,"Sevilla",12
"02/03/2019","Real Madrid",17,"Barcelona",10
"02/03/2019","Villarreal",9,"Alaves",10
"03/03/2019","Betis",6,"Getafe",11
"03/03/2019","Eibar",15,"Celta",3
"03/03/2019","Sociedad",19,"Ath Madrid",8
"03/03/2019","Valencia",11,"Ath Bilbao",4
"04/03/2019","Leganes",14,"Levante",15
"08/03/2019","Ath Bilbao",15,"Espanol",5
"09/03/2019","Alaves",16,"Eibar",20
"09/03/2019","Ath Madrid",13,"Leganes",3
"09/03/2019","Barcelona",12,"Vallecano",8
"09/03/2019","Getafe",14,"Huesca",8
"10/03/2019","Celta",7,"Betis",14
"10/03/2019","Girona",18,"Valencia",11
"10/03/2019","Levante",11,"Villarreal",13
"10/03/2019","Sevilla",22,"Sociedad",9
"10/03/2019","Valladolid",10,"Real Madrid",15
"15/03/2019","Sociedad",22,"Levante",8
"16/03/2019","Ath Bilbao",9,"Ath Madrid",9
"16/03/2019","Huesca",7,"Alaves",12
"16/03/2019","Leganes",12,"Girona",8
"16/03/2019","Real Madrid",22,"Celta",6
"17/03/2019","Betis",13,"Barcelona",16
"17/03/2019","Eibar",15,"Valladolid",8
"17/03/2019","Espanol",13,"Sevilla",12
"17/03/2019","Valencia",8,"Getafe",9
"17/03/2019","Villarreal",12,"Vallecano",7
"29/03/2019","Girona",6,"Ath Bilbao",8
"30/03/2019","Alaves",14,"Ath Madrid",11
"30/03/2019","Barcelona",13,"Espanol",4
"30/03/2019","Celta",15,"Villarreal",14
"30/03/2019","Getafe",9,"Leganes",7
"31/03/2019","Levante",7,"Eibar",17
"31/03/2019","Real Madrid",16,"Huesca",16
"31/03/2019","Sevilla",17,"Valencia",4
"31/03/2019","Valladolid",10,"Sociedad",10
"31/03/2019","Vallecano",20,"Betis",7
"02/04/2019","Ath Madrid",17,"Girona",12
"02/04/2019","Espanol",9,"Getafe",13
"02/04/2019","Villarreal",16,"Barcelona",15
"03/04/2019","Ath Bilbao",14,"Levante",11
"03/04/2019","Eibar",12,"Vallecano",13
"03/04/2019","Huesca",23,"Celta",11
"03/04/2019","Valencia",11,"Real Madrid",15
"04/04/2019","Leganes",18,"Valladolid",8
"04/04/2019","Sevilla",18,"Alaves",5
"04/04/2019","Sociedad",15,"Betis",11
"06/04/2019","Barcelona",21,"Ath Madrid",9
"06/04/2019","Girona",14,"Espanol",9
"06/04/2019","Real Madrid",13,"Eibar",3
"06/04/2019","Vallecano",15,"Valencia",12
"07/04/2019","Alaves",6,"Leganes",9
"07/04/2019","Betis",17,"Villarreal",10
"07/04/2019","Celta",11,"Sociedad",14
"07/04/2019","Getafe",6,"Ath Bilbao",9
"07/04/2019","Levante",14,"Huesca",17
"07/04/2019","Valladolid",10,"Sevilla",16
"13/04/2019","Ath Madrid",11,"Celta",10
"13/04/2019","Espanol",6,"Alaves",14
"13/04/2019","Huesca",6,"Barcelona",10
"13/04/2019","Sevilla",11,"Betis",12
"14/04/2019","Ath Bilbao",15,"Vallecano",8
"14/04/2019","Girona",14,"Villarreal",17
"14/04/2019","Sociedad",3,"Eibar",17
"14/04/2019","Valencia",23,"Levante",6
"14/04/2019","Valladolid",8,"Getafe",8
"15/04/2019","Leganes",5,"Real Madrid",13
"19/04/2019","Alaves",10,"Valladolid",12
"20/04/2019","Barcelona",11,"Sociedad",9
"20/04/2019","Celta",13,"Girona",9
"20/04/2019","Eibar",10,"Ath Madrid",8
"20/04/2019","Vallecano",16,"Huesca",10
"21/04/2019","Betis",23,"Valencia",4
"21/04/2019","Getafe",10,"Sevilla",12
"21/04/2019","Levante",19,"Espanol",14
"21/04/2019","Real Madrid",11,"Ath Bilbao",5
"21/04/2019","Villarreal",11,"Leganes",6
"23/04/2019","Alaves",6,"Barcelona",17
"23/04/2019","Huesca",12,"Eibar",7
"23/04/2019","Valladolid",13,"Girona",6
"24/04/2019","Ath Madrid",14,"Valencia",12
"24/04/2019","Espanol",9,"Celta",18
"24/04/2019","Leganes",14,"Ath Bilbao",3
"24/04/2019","Levante",6,"Betis",7
"25/04/2019","Getafe",9,"Real Madrid",12
"25/04/2019","Sevilla",20,"Vallecano",12
"25/04/2019","Sociedad",13,"Villarreal",8
"27/04/2019","Ath Bilbao",14,"Alaves",14
"27/04/2019","Ath Madrid",13,"Valladolid",13
"27/04/2019","Barcelona",23,"Levante",7
"27/04/2019","Leganes",10,"Celta",8
"28/04/2019","Girona",15,"Sevilla",7
"28/04/2019","Sociedad",11,"Getafe",12
"28/04/2019","Valencia",7,"Eibar",13
"28/04/2019","Vallecano",11,"Real Madrid",9
"28/04/2019","Villarreal",18,"Huesca",13
"29/04/2019","Betis",18,"Espanol",10
"03/05/2019","Sevilla",7,"Leganes",9
"04/05/2019","Alaves",17,"Sociedad",9
"04/05/2019","Celta",14,"Barcelona",8
"04/05/2019","Espanol",11,"Ath Madrid",11
"04/05/2019","Levante",12,"Vallecano",20
"05/05/2019","Eibar",14,"Betis",12
"05/05/2019","Getafe",13,"Girona",4
"05/05/2019","Huesca",24,"Valencia",10
"05/05/2019","Real Madrid",24,"Villarreal",15
"05/05/2019","Valladolid",10,"Ath Bilbao",9
"12/05/2019","Ath Bilbao",8,"Celta",3
"12/05/2019","Ath Madrid",11,"Sevilla",11
"12/05/2019","Barcelona",13,"Getafe",11
"12/05/2019","Betis",17,"Huesca",9
"12/05/2019","Girona",14,"Levante",6
"12/05/2019","Leganes",11,"Espanol",19
"12/05/2019","Sociedad",19,"Real Madrid",6
"12/05/2019","Valencia",10,"Alaves",10
"12/05/2019","Vallecano",16,"Valladolid",9
"12/05/2019","Villarreal",11,"Eibar",4
"18/05/2019","Alaves",14,"Girona",13
"18/05/2019","Celta",14,"Vallecano",11
"18/05/2019","Espanol",9,"Sociedad",11
"18/05/2019","Getafe",17,"Villarreal",8
"18/05/2019","Huesca",15,"Leganes",9
"18/05/2019","Levante",17,"Ath Madrid",17
"18/05/2019","Sevilla",9,"Ath Bilbao",9
"18/05/2019","Valladolid",19,"Valencia",9
"19/05/2019","Eibar",15,"Barcelona",6
"19/05/2019","Real Madrid",9,"Betis",9
"16/08/2019","Ath Bilbao",11,"Barcelona",11
"17/08/2019","Celta",7,"Real Madrid",17
"17/08/2019","Valencia",14,"Sociedad",12
"17/08/2019","Mallorca",16,"Eibar",11
"17/08/2019","Leganes",13,"Osasuna",4
"17/08/2019","Villarreal",12,"Granada",14
"18/08/2019","Alaves",9,"Levante",16
"18/08/2019","Espanol",7,"Sevilla",12
"18/08/2019","Betis",13,"Valladolid",14
"18/08/2019","Ath Madrid",5,"Getafe",6
"23/08/2019","Granada",12,"Sevilla",11
"23/08/2019","Levante",16,"Villarreal",23
"24/08/2019","Osasuna",6,"Eibar",12
"24/08/2019","Real Madrid",22,"Valladolid",9
"24/08/2019","Celta",11,"Valencia",9
"24/08/2019","Getafe",6,"Ath Bilbao",4
"25/08/2019","Alaves",10,"Espanol",5
"25/08/2019","Mallorca",12,"Sociedad",12
"25/08/2019","Leganes",10,"Ath Madrid",6
"25/08/2019","Barcelona",20,"Betis",4
"30/08/2019","Sevilla",19,"Celta",2
"30/08/2019","Ath Bilbao",15,"Sociedad",2
"31/08/2019","Osasuna",15,"Barcelona",8
"31/08/2019","Getafe",15,"Alaves",5
"31/08/2019","Levante",16,"Valladolid",15
"31/08/2019","Betis",17,"Leganes",19
"01/09/2019","Valencia",9,"Mallorca",12
"01/09/2019","Ath Madrid",7,"Eibar",6
"01/09/2019","Espanol",15,"Granada",14
"01/09/2019","Villarreal",10,"Real Madrid",17
"13/09/2019","Mallorca",10,"Ath Bilbao",11
"14/09/2019","Real Madrid",25,"Levante",8
"14/09/2019","Leganes",10,"Villarreal",8
"14/09/2019","Sociedad",14,"Ath Madrid",12
"14/09/2019","Barcelona",17,"Valencia",9
"15/09/2019","Eibar",11,"Espanol",7
"15/09/2019","Alaves",7,"Sevilla",19
"15/09/2019","Celta",4,"Granada",13
"15/09/2019","Valladolid",11,"Osasuna",17
"15/09/2019","Betis",7,"Getafe",12
"20/09/2019","Osasuna",12,"Betis",7
"21/09/2019","Villarreal",18,"Valladolid",7
"21/09/2019","Levante",13,"Eibar",18
"21/09/2019","Ath Madrid",20,"Celta",6
"21/09/2019","Granada",9,"Barcelona",8
"22/09/2019","Getafe",14,"Mallorca",7
"22/09/2019","Espanol",17,"Sociedad",10
"22/09/2019","Valencia",13,"Leganes",13
"22/09/2019","Ath Bilbao",13,"Alaves",5
"22/09/2019","Sevilla",9,"Real Madrid",7
"24/09/2019","Valladolid",9,"Granada",6
"24/09/2019","Betis",17,"Levante",17
"24/09/2019","Barcelona",8,"Villarreal",11
"25/09/2019","Leganes",7,"Ath Bilbao",9
"25/09/2019","Mallorca",9,"Ath Madrid",13
"25/09/2019","Valencia",8,"Getafe",18
"25/09/2019","Real Madrid",15,"Osasuna",4
"26/09/2019","Eibar",11,"Sevilla",7
"26/09/2019","Celta",14,"Espanol",10
"26/09/2019","Sociedad",21,"Alaves",5
"27/09/2019","Villarreal",17,"Betis",11
"28/09/2019","Ath Bilbao",14,"Valencia",10
"28/09/2019","Getafe",8,"Barcelona",10
"28/09/2019","Granada",11,"Leganes",15
"28/09/2019","Ath Madrid",7,"Real Madrid",14
"29/09/2019","Espanol",16,"Valladolid",9
"29/09/2019","Eibar",7,"Celta",3
"29/09/2019","Alaves",11,"Mallorca",5
"29/09/2019","Levante",10,"Osasuna",18
"29/09/2019","Sevilla",21,"Sociedad",5
"04/10/2019","Betis",12,"Eibar",8
"05/10/2019","Leganes",25,"Levante",9
"05/10/2019","Real Madrid",17,"Granada",8
"05/10/2019","Valencia",11,"Alaves",10
"05/10/2019","Osasuna",16,"Villarreal",16
"06/10/2019","Mallorca",9,"Espanol",11
"06/10/2019","Celta",13,"Ath Bilbao",6
"06/10/2019","Valladolid",5,"Ath Madrid",9
"06/10/2019","Sociedad",6,"Getafe",13
"06/10/2019","Barcelona",15,"Sevilla",16
"18/10/2019","Granada",6,"Osasuna",9
"19/10/2019","Eibar",5,"Barcelona",9
"19/10/2019","Ath Madrid",15,"Valencia",11
"19/10/2019","Getafe",5,"Leganes",7
"19/10/2019","Mallorca",5,"Real Madrid",13
"20/10/2019","Alaves",12,"Celta",14
"20/10/2019","Sociedad",18,"Betis",12
"20/10/2019","Espanol",18,"Villarreal",11
"20/10/2019","Ath Bilbao",19,"Valladolid",9
"20/10/2019","Sevilla",19,"Levante",12
"25/10/2019","Villarreal",19,"Alaves",12
"26/10/2019","Leganes",9,"Mallorca",9
"26/10/2019","Valladolid",8,"Eibar",13
"26/10/2019","Ath Madrid",9,"Ath Bilbao",9
"27/10/2019","Celta",9,"Sociedad",9
"27/10/2019","Granada",13,"Betis",12
"27/10/2019","Levante",7,"Espanol",14
"27/10/2019","Sevilla",15,"Getafe",9
"27/10/2019","Osasuna",21,"Valencia",2
"29/10/2019","Alaves",11,"Ath Madrid",9
"29/10/2019","Barcelona",18,"Valladolid",9
"30/10/2019","Sociedad",17,"Levante",13
"30/10/2019","Valencia",10,"Sevilla",10
"30/10/2019","Ath Bilbao",7,"Espanol",12
"30/10/2019","Betis",11,"Celta",18
"30/10/2019","Real Madrid",22,"Leganes",5
"31/10/2019","Eibar",25,"Villarreal",9
"31/10/2019","Mallorca",11,"Osasuna",12
"31/10/2019","Getafe",8,"Granada",10
"02/11/2019","Espanol",13,"Valencia",11
"02/11/2019","Levante",9,"Barcelona",9
"02/11/2019","Sevilla",11,"Ath Madrid",14
"02/11/2019","Real Madrid",22,"Betis",13
"03/11/2019","Valladolid",12,"Mallorca",14
"03/11/2019","Villarreal",11,"Ath Bilbao",12
"03/11/2019","Osasuna",19,"Alaves",11
"03/11/2019","Celta",6,"Getafe",9
"03/11/2019","Leganes",12,"Eibar",7
"03/11/2019","Granada",5,"Sociedad",9
"08/11/2019","Sociedad",11,"Leganes",6
"09/11/2019","Alaves",14,"Valladolid",7
"09/11/2019","Valencia",12,"Granada",13
"09/11/2019","Eibar",14,"Real Madrid",10
"09/11/2019","Barcelona",10,"Celta",6
"10/11/2019","Mallorca",5,"Villarreal",22
"10/11/2019","Ath Bilbao",23,"Levante",8
"10/11/2019","Ath Madrid",18,"Espanol",10
"10/11/2019","Getafe",14,"Osasuna",4
"10/11/2019","Betis",18,"Sevilla",10
"22/11/2019","Levante",13,"Mallorca",14
"23/11/2019","Leganes",9,"Barcelona",11
"23/11/2019","Betis",25,"Valencia",9
"23/11/2019","Granada",9,"Ath Madrid",17
"23/11/2019","Real Madrid",18,"Sociedad",11
"24/11/2019","Espanol",6,"Getafe",11
"24/11/2019","Osasuna",12,"Ath Bilbao",6
"24/11/2019","Eibar",18,"Alaves",7
"24/11/2019","Villarreal",15,"Celta",11
"24/11/2019","Valladolid",7,"Sevilla",4
"29/11/2019","Celta",13,"Valladolid",9
"30/11/2019","Alaves",8,"Real Madrid",12
"30/11/2019","Sociedad",15,"Eibar",10
"30/11/2019","Mallorca",16,"Betis",15
"30/11/2019","Valencia",13,"Villarreal",24
"01/12/2019","Sevilla",16,"Leganes",8
"01/12/2019","Ath Bilbao",14,"Granada",8
"01/12/2019","Espanol",12,"Osasuna",14
"01/12/2019","Getafe",13,"Levante",7
"01/12/2019","Ath Madrid",17,"Barcelona",13
"06/12/2019","Villarreal",23,"Ath Madrid",18
"07/12/2019","Real Madrid",18,"Espanol",6
"07/12/2019","Granada",13,"Alaves",5
"07/12/2019","Levante",17,"Valencia",10
"07/12/2019","Barcelona",25,"Mallorca",9
"08/12/2019","Eibar",6,"Getafe",6
"08/12/2019","Betis",10,"Ath Bilbao",8
"08/12/2019","Valladolid",4,"Sociedad",16
"08/12/2019","Leganes",15,"Celta",9
"08/12/2019","Osasuna",10,"Sevilla",13
"13/12/2019","Alaves",10,"Leganes",3
"14/12/2019","Granada",18,"Levante",13
"14/12/2019","Sociedad",19,"Barcelona",9
"14/12/2019","Ath Bilbao",8,"Eibar",8
"14/12/2019","Ath Madrid",19,"Osasuna",15
"15/12/2019","Getafe",7,"Valladolid",10
"15/12/2019","Celta",18,"Mallorca",8
"15/12/2019","Espanol",16,"Betis",10
"15/12/2019","Sevilla",24,"Villarreal",9
"15/12/2019","Valencia",9,"Real Madrid",19
"18/12/2019","Barcelona",9,"Real Madrid",17
"20/12/2019","Eibar",21,"Granada",12
"21/12/2019","Mallorca",8,"Sevilla",13
"21/12/2019","Barcelona",8,"Alaves",5
"21/12/2019","Villarreal",11,"Getafe",7
"21/12/2019","Valladolid",14,"Valencia",5
"22/12/2019","Leganes",11,"Espanol",9
"22/12/2019","Osasuna",19,"Sociedad",13
"22/12/2019","Betis",15,"Ath Madrid",8
"22/12/2019","Levante",13,"Celta",12
"22/12/2019","Real Madrid",20,"Ath Bilbao",8
"03/01/2020","Valladolid",14,"Leganes",12
"03/01/2020","Sevilla",9,"Ath Bilbao",6
"04/01/2020","Valencia",9,"Eibar",10
"04/01/2020","Getafe",15,"Real Madrid",10
"04/01/2020","Ath Madrid",17,"Levante",6
"04/01/2020","Espanol",8,"Barcelona",14
"05/01/2020","Granada",7,"Mallorca",17
"05/01/2020","Sociedad",10,"Villarreal",14
"05/01/2020","Alaves",6,"Betis",10
"05/01/2020","Celta",20,"Osasuna",8
"17/01/2020","Leganes",8,"Getafe",8
"18/01/2020","Levante",20,"Alaves",14
"18/01/2020","Real Madrid",13,"Sevilla",8
"18/01/2020","Osasuna",21,"Valladolid",5
"18/01/2020","Eibar",9,"Ath Madrid",12
"19/01/2020","Mallorca",13,"Valencia",8
"19/01/2020","Betis",14,"Sociedad",7
"19/01/2020","Villarreal",21,"Espanol",16
"19/01/2020","Ath Bilbao",22,"Celta",7
"19/01/2020","Barcelona",18,"Granada",5
"24/01/2020","Osasuna",15,"Levante",6
"25/01/2020","Espanol",9,"Ath Bilbao",11
"25/01/2020","Valencia",8,"Barcelona",14
"25/01/2020","Alaves",12,"Villarreal",11
"25/01/2020","Sevilla",12,"Granada",8
"26/01/2020","Ath Madrid",14,"Leganes",10
"26/01/2020","Celta",18,"Eibar",5
"26/01/2020","Getafe",7,"Betis",8
"26/01/2020","Sociedad",14,"Mallorca",8
"26/01/2020","Valladolid",4,"Real Madrid",12
"01/02/2020","Granada",8,"Espanol",22
"01/02/2020","Real Madrid",16,"Ath Madrid",4
"01/02/2020","Mallorca",16,"Valladolid",15
"01/02/2020","Valencia",9,"Celta",11
"02/02/2020","Leganes",12,"Sociedad",2
"02/02/2020","Eibar",8,"Betis",14
"02/02/2020","Ath Bilbao",8,"Getafe",9
"02/02/2020","Sevilla",14,"Alaves",4
"02/02/2020","Villarreal",9,"Osasuna",17
"02/02/2020","Barcelona",23,"Levante",10
"07/02/2020","Alaves",9,"Eibar",5
"08/02/2020","Levante",9,"Leganes",12
"08/02/2020","Getafe",22,"Valencia",5
"08/02/2020","Valladolid",8,"Villarreal",8
"08/02/2020","Ath Madrid",6,"Granada",10
"09/02/2020","Espanol",12,"Mallorca",7
"09/02/2020","Sociedad",14,"Ath Bilbao",6
"09/02/2020","Osasuna",14,"Real Madrid",17
"09/02/2020","Celta",13,"Sevilla",12
"09/02/2020","Betis",7,"Barcelona",10
"14/02/2020","Valencia",9,"Ath Madrid",8
"15/02/2020","Mallorca",14,"Alaves",10
"15/02/2020","Barcelona",12,"Getafe",7
"15/02/2020","Villarreal",14,"Levante",11
"15/02/2020","Granada",11,"Valladolid",6
"16/02/2020","Sevilla",18,"Espanol",5
"16/02/2020","Leganes",11,"Betis",3
"16/02/2020","Ath Bilbao",12,"Osasuna",6
"16/02/2020","Real Madrid",15,"Celta",5
"21/02/2020","Betis",19,"Mallorca",11
"22/02/2020","Celta",3,"Leganes",11
"22/02/2020","Barcelona",13,"Eibar",12
"22/02/2020","Sociedad",19,"Valencia",6
"22/02/2020","Levante",8,"Real Madrid",19
"23/02/2020","Osasuna",14,"Granada",10
"23/02/2020","Alaves",4,"Ath Bilbao",13
"23/02/2020","Valladolid",21,"Espanol",6
"23/02/2020","Getafe",10,"Sevilla",8
"23/02/2020","Ath Madrid",16,"Villarreal",10
"28/02/2020","Sociedad",13,"Valladolid",6
"29/02/2020","Eibar",13,"Levante",11
"29/02/2020","Valencia",10,"Betis",14
"29/02/2020","Leganes",19,"Alaves",8
"29/02/2020","Granada",14,"Celta",6
"01/03/2020","Sevilla",12,"Osasuna",14
"01/03/2020","Ath Bilbao",18,"Villarreal",10
"01/03/2020","Espanol",9,"Ath Madrid",5
"01/03/2020","Mallorca",4,"Getafe",9
"01/03/2020","Real Madrid",13,"Barcelona",9
"06/03/2020","Alaves",13,"Valencia",6
"07/03/2020","Eibar",13,"Mallorca",10
"07/03/2020","Ath Madrid",21,"Sevilla",12
"07/03/2020","Barcelona",13,"Sociedad",9
"07/03/2020","Getafe",19,"Celta",3
"08/03/2020","Osasuna",17,"Espanol",8
"08/03/2020","Valladolid",19,"Ath Bilbao",10
"08/03/2020","Levante",11,"Granada",10
"08/03/2020","Villarreal",15,"Leganes",12
"08/03/2020","Betis",14,"Real Madrid",13
"10/03/2020","Eibar",13,"Sociedad",6
"11/06/2020","Sevilla",13,"Betis",12
"12/06/2020","Granada",10,"Getafe",6
"12/06/2020","Valencia",12,"Levante",14
"13/06/2020","Espanol",19,"Alaves",1
"13/06/2020","Celta",4,"Villarreal",15
"13/06/2020","Leganes",11,"Valladolid",6
"13/06/2020","Mallorca",13,"Barcelona",12
"14/06/2020","Ath Bilbao",10,"Ath Madrid",9
"14/06/2020","Real Madrid",6,"Eibar",9
"14/06/2020","Sociedad",9,"Osasuna",8
"15/06/2020","Levante",11,"Sevilla",10
"15/06/2020","Betis",18,"Granada",8
"16/06/2020","Getafe",21,"Espanol",5
"16/06/2020","Villarreal",10,"Mallorca",15
"16/06/2020","Barcelona",10,"Leganes",6
"17/06/2020","Eibar",12,"Ath Bilbao",6
"17/06/2020","Valladolid",6,"Celta",11
"17/06/2020","Osasuna",13,"Ath Madrid",10
"18/06/2020","Alaves",15,"Sociedad",9
"18/06/2020","Real Madrid",19,"Valencia",4
"19/06/2020","Granada",14,"Villarreal",5
"19/06/2020","Mallorca",7,"Leganes",16
"19/06/2020","Sevilla",8,"Barcelona",10
"20/06/2020","Espanol",10,"Levante",14
"20/06/2020","Ath Bilbao",12,"Betis",9
"20/06/2020","Getafe",9,"Eibar",8
"20/06/2020","Ath Madrid",15,"Valladolid",6
"21/06/2020","Celta",15,"Alaves",4
"21/06/2020","Valencia",7,"Osasuna",13
"21/06/2020","Sociedad",10,"Real Madrid",10
"22/06/2020","Villarreal",7,"Sevilla",14
"22/06/2020","Leganes",9,"Granada",4
"23/06/2020","Levante",12,"Ath Madrid",12
"23/06/2020","Valladolid",6,"Getafe",15
"23/06/2020","Barcelona",18,"Ath Bilbao",6
"24/06/2020","Alaves",5,"Osasuna",7
"24/06/2020","Sociedad",13,"Celta",4
"24/06/2020","Real Madrid",14,"Mallorca",11
"25/06/2020","Eibar",14,"Valencia",7
"25/06/2020","Betis",13,"Espanol",9
"26/06/2020","Sevilla",15,"Valladolid",11
"27/06/2020","Ath Bilbao",12,"Mallorca",14
"27/06/2020","Celta",10,"Barcelona",18
"27/06/2020","Osasuna",6,"Leganes",21
"27/06/2020","Ath Madrid",14,"Alaves",6
"28/06/2020","Levante",9,"Betis",17
"28/06/2020","Villarreal",17,"Valencia",4
"28/06/2020","Granada",14,"Eibar",13
"28/06/2020","Espanol",8,"Real Madrid",14
"29/06/2020","Getafe",11,"Sociedad",5
"30/06/2020","Mallorca",9,"Celta",12
"30/06/2020","Leganes",9,"Sevilla",11
"30/06/2020","Barcelona",12,"Ath Madrid",10
"01/07/2020","Alaves",11,"Granada",7
"01/07/2020","Valencia",10,"Ath Bilbao",12
"01/07/2020","Betis",9,"Villarreal",15
"01/07/2020","Valladolid",15,"Levante",8
"02/07/2020","Eibar",11,"Osasuna",9
"02/07/2020","Sociedad",12,"Espanol",4
"02/07/2020","Real Madrid",8,"Getafe",10
"03/07/2020","Ath Madrid",15,"Mallorca",13
"04/07/2020","Celta",5,"Betis",10
"04/07/2020","Valladolid",5,"Alaves",7
"04/07/2020","Granada",17,"Valencia",4
"05/07/2020","Ath Bilbao",7,"Real Madrid",10
"05/07/2020","Espanol",7,"Leganes",4
"05/07/2020","Osasuna",6,"Getafe",6
"05/07/2020","Villarreal",11,"Barcelona",18
"06/07/2020","Levante",9,"Sociedad",8
"06/07/2020","Sevilla",8,"Eibar",19
"07/07/2020","Valencia",10,"Valladolid",11
"07/07/2020","Celta",9,"Ath Madrid",10
"08/07/2020","Betis",14,"Osasuna",8
"08/07/2020","Getafe",5,"Villarreal",6
"08/07/2020","Barcelona",9,"Espanol",11
"09/07/2020","Eibar",4,"Leganes",10
"09/07/2020","Mallorca",15,"Levante",14
"09/07/2020","Ath Bilbao",13,"Sevilla",20
"10/07/2020","Sociedad",19,"Granada",4
"10/07/2020","Real Madrid",18,"Alaves",10
"11/07/2020","Osasuna",15,"Celta",12
"11/07/2020","Valladolid",13,"Barcelona",9
"11/07/2020","Ath Madrid",9,"Betis",21
"12/07/2020","Espanol",14,"Eibar",11
"12/07/2020","Levante",5,"Ath Bilbao",12
"12/07/2020","Leganes",10,"Valencia",16
"12/07/2020","Sevilla",14,"Mallorca",14
"13/07/2020","Alaves",3,"Getafe",14
"13/07/2020","Villarreal",9,"Sociedad",11
"13/07/2020","Granada",13,"Real Madrid",11
"16/07/2020","Eibar",13,"Valladolid",17
"16/07/2020","Ath Bilbao",10,"Leganes",16
"16/07/2020","Barcelona",19,"Osasuna",9
"16/07/2020","Betis",14,"Alaves",9
"16/07/2020","Celta",16,"Levante",8
"16/07/2020","Getafe",15,"Ath Madrid",11
"16/07/2020","Mallorca",18,"Granada",14
"16/07/2020","Real Madrid",12,"Villarreal",8
"16/07/2020","Sociedad",11,"Sevilla",8
"16/07/2020","Valencia",9,"Espanol",18
"19/07/2020","Alaves",8,"Barcelona",16
"19/07/2020","Valladolid",13,"Betis",10
"19/07/2020","Villarreal",12,"Eibar",11
"19/07/2020","Ath Madrid",6,"Sociedad",10
"19/07/2020","Espanol",8,"Celta",9
"19/07/2020","Granada",11,"Ath Bilbao",11
"19/07/2020","Leganes",15,"Real Madrid",7
"19/07/2020","Levante",13,"Getafe",13
"19/07/2020","Osasuna",12,"Mallorca",12
"19/07/2020","Sevilla",16,"Valencia",8
